               epoch,      train/box_loss,      train/obj_loss,      train/cls_loss,   metrics/precision,      metrics/recall,     metrics/mAP_0.5,metrics/mAP_0.5:0.95,        val/box_loss,        val/obj_loss,        val/cls_loss,               x/lr0,               x/lr1,               x/lr2
                   0,            0.097455,             0.10728,                   0,          0.00077922,            0.029364,          0.00040179,          7.0859e-05,             0.06767,             0.07437,                   0,             0.07039,             0.00329,             0.00329
                   1,            0.078781,            0.065999,                   0,            0.001369,            0.075041,          0.00073746,          0.00019327,            0.052844,            0.050789,                   0,            0.040368,           0.0066015,           0.0066015
                   2,            0.058932,            0.055395,                   0,          0.00054878,            0.088091,          0.00030522,          6.4254e-05,            0.077981,             0.02764,                   0,            0.010324,            0.009891,            0.009891
                   3,            0.054062,             0.04224,                   0,          0.00017026,            0.047308,           8.957e-05,          2.2541e-05,            0.059054,            0.031897,                   0,            0.009901,            0.009901,            0.009901
                   4,            0.048956,            0.031027,                   0,            0.058861,              0.1044,            0.023724,           0.0083345,            0.040643,            0.028633,                   0,            0.009901,            0.009901,            0.009901
                   5,            0.044154,            0.026245,                   0,            0.042088,             0.27896,            0.033941,            0.012216,            0.039228,            0.029028,                   0,            0.009868,            0.009868,            0.009868
                   6,            0.041937,            0.021123,                   0,             0.42328,             0.51387,             0.48506,             0.15044,             0.02953,            0.029581,                   0,            0.009835,            0.009835,            0.009835
                   7,            0.039772,            0.018998,                   0,             0.70533,             0.83524,             0.79894,             0.24107,            0.026021,             0.02223,                   0,            0.009802,            0.009802,            0.009802
                   8,            0.036249,            0.016352,                   0,             0.62937,             0.66762,             0.52133,             0.08162,            0.038187,            0.024769,                   0,            0.009769,            0.009769,            0.009769
                   9,             0.03458,            0.014504,                   0,              0.9446,              0.9429,             0.94382,              0.3046,            0.024129,            0.011333,                   0,            0.009736,            0.009736,            0.009736
                  10,            0.034136,             0.01342,                   0,             0.99734,             0.99511,             0.99497,             0.57472,            0.021566,            0.010381,                   0,            0.009703,            0.009703,            0.009703
                  11,            0.031504,            0.012261,                   0,             0.96978,             0.92822,             0.95527,             0.45322,            0.025239,            0.010786,                   0,             0.00967,             0.00967,             0.00967
                  12,            0.030579,            0.013322,                   0,             0.98663,             0.96304,             0.99236,             0.60849,            0.020979,            0.015146,                   0,            0.009637,            0.009637,            0.009637
                  13,             0.03131,            0.012347,                   0,             0.99509,              0.9925,             0.99493,             0.67031,            0.015888,            0.012335,                   0,            0.009604,            0.009604,            0.009604
                  14,            0.029278,            0.011987,                   0,             0.99395,             0.99184,             0.99493,              0.6962,            0.015183,           0.0091207,                   0,            0.009571,            0.009571,            0.009571
                  15,            0.028837,            0.011919,                   0,             0.99836,             0.99439,               0.995,             0.69981,            0.016974,           0.0082801,                   0,            0.009538,            0.009538,            0.009538
                  16,            0.029307,            0.011551,                   0,             0.99591,             0.99347,             0.99495,             0.71753,            0.014969,           0.0080705,                   0,            0.009505,            0.009505,            0.009505
                  17,            0.026906,            0.010769,                   0,             0.99836,             0.99593,               0.995,             0.71412,            0.015275,            0.007622,                   0,            0.009472,            0.009472,            0.009472
                  18,            0.026728,            0.010395,                   0,             0.99999,             0.99674,               0.995,             0.66992,            0.017244,           0.0083061,                   0,            0.009439,            0.009439,            0.009439
                  19,            0.027795,            0.011024,                   0,             0.99989,             0.99837,               0.995,             0.71009,            0.014635,           0.0081516,                   0,            0.009406,            0.009406,            0.009406
                  20,            0.026342,            0.010538,                   0,             0.97891,             0.98438,             0.99419,             0.72033,            0.014976,           0.0083593,                   0,            0.009373,            0.009373,            0.009373
                  21,            0.024955,            0.010023,                   0,             0.99449,             0.99674,             0.99498,             0.69709,            0.014617,           0.0073148,                   0,             0.00934,             0.00934,             0.00934
                  22,            0.024111,           0.0096194,                   0,             0.99842,             0.98369,             0.99495,             0.73797,            0.013494,           0.0072743,                   0,            0.009307,            0.009307,            0.009307
                  23,            0.027277,             0.00964,                   0,              0.9887,                   1,             0.99485,              0.6952,            0.015216,           0.0072249,                   0,            0.009274,            0.009274,            0.009274
                  24,            0.024131,            0.009365,                   0,             0.99898,             0.99837,               0.995,             0.70274,            0.014134,           0.0069588,                   0,            0.009241,            0.009241,            0.009241
                  25,            0.023556,           0.0093273,                   0,             0.99789,             0.99837,               0.995,             0.71502,            0.014629,           0.0066267,                   0,            0.009208,            0.009208,            0.009208
                  26,            0.023301,           0.0092193,                   0,             0.99735,             0.99674,               0.995,             0.70832,            0.014793,           0.0070841,                   0,            0.009175,            0.009175,            0.009175
                  27,            0.024394,           0.0088569,                   0,             0.99674,             0.99829,             0.99497,             0.70456,             0.01559,           0.0067494,                   0,            0.009142,            0.009142,            0.009142
                  28,              0.0235,           0.0089407,                   0,             0.99837,             0.99613,             0.99493,             0.74527,            0.012682,           0.0067523,                   0,            0.009109,            0.009109,            0.009109
                  29,            0.023407,           0.0089943,                   0,             0.99787,                   1,               0.995,             0.74477,            0.013306,           0.0067588,                   0,            0.009076,            0.009076,            0.009076
                  30,            0.022357,           0.0090412,                   0,              0.9951,              0.9935,              0.9948,             0.73072,            0.014636,           0.0069168,                   0,            0.009043,            0.009043,            0.009043
                  31,            0.021942,            0.008978,                   0,             0.99805,             0.99674,               0.995,             0.71563,            0.016052,           0.0070663,                   0,             0.00901,             0.00901,             0.00901
                  32,            0.021992,           0.0082403,                   0,             0.99976,                   1,               0.995,             0.76344,            0.012409,            0.006259,                   0,            0.008977,            0.008977,            0.008977
                  33,            0.022662,           0.0082515,                   0,                   1,             0.99665,               0.995,             0.73358,            0.014644,           0.0064658,                   0,            0.008944,            0.008944,            0.008944
                  34,            0.019402,           0.0085148,                   0,                   1,             0.99955,               0.995,             0.76882,            0.012303,           0.0064217,                   0,            0.008911,            0.008911,            0.008911
                  35,            0.020418,           0.0080022,                   0,             0.99996,                   1,               0.995,             0.73572,            0.013927,           0.0062093,                   0,            0.008878,            0.008878,            0.008878
                  36,            0.021681,           0.0084708,                   0,             0.99985,                   1,               0.995,             0.77126,            0.011874,           0.0062666,                   0,            0.008845,            0.008845,            0.008845
                  37,            0.021434,           0.0082663,                   0,             0.99989,                   1,               0.995,             0.75709,            0.011689,           0.0060457,                   0,            0.008812,            0.008812,            0.008812
                  38,            0.021792,           0.0078846,                   0,             0.99674,             0.99766,               0.995,             0.74459,            0.014668,            0.006455,                   0,            0.008779,            0.008779,            0.008779
                  39,            0.022141,           0.0082317,                   0,                   1,              0.9999,               0.995,             0.76814,              0.0128,           0.0062919,                   0,            0.008746,            0.008746,            0.008746
                  40,            0.021081,           0.0079885,                   0,             0.99673,             0.99837,               0.995,             0.75397,            0.013645,           0.0063622,                   0,            0.008713,            0.008713,            0.008713
                  41,            0.021129,           0.0079013,                   0,             0.99467,             0.99511,             0.99497,             0.75495,            0.011831,           0.0063479,                   0,             0.00868,             0.00868,             0.00868
                  42,            0.021641,           0.0081533,                   0,             0.99837,              0.9992,               0.995,             0.76661,            0.011973,           0.0062934,                   0,            0.008647,            0.008647,            0.008647
                  43,            0.020426,            0.007861,                   0,             0.99919,                   1,               0.995,             0.77759,            0.011595,           0.0060684,                   0,            0.008614,            0.008614,            0.008614
                  44,            0.020888,           0.0080011,                   0,             0.99812,             0.99837,               0.995,              0.7746,            0.011974,           0.0063583,                   0,            0.008581,            0.008581,            0.008581
                  45,            0.019146,           0.0076262,                   0,             0.99994,                   1,               0.995,             0.77266,            0.011356,           0.0057533,                   0,            0.008548,            0.008548,            0.008548
                  46,            0.021197,            0.007602,                   0,                   1,             0.99734,               0.995,             0.77162,            0.011867,           0.0060804,                   0,            0.008515,            0.008515,            0.008515
                  47,             0.02025,           0.0078797,                   0,             0.95889,             0.76094,             0.84215,             0.52437,            0.023495,            0.011849,                   0,            0.008482,            0.008482,            0.008482
                  48,            0.019157,           0.0078378,                   0,             0.99962,                   1,               0.995,             0.78238,            0.011051,           0.0059329,                   0,            0.008449,            0.008449,            0.008449
                  49,            0.018949,           0.0074438,                   0,             0.99999,                   1,               0.995,             0.78842,            0.011357,           0.0058537,                   0,            0.008416,            0.008416,            0.008416
                  50,            0.020172,           0.0076843,                   0,             0.99981,                   1,               0.995,             0.78724,            0.011036,           0.0058344,                   0,            0.008383,            0.008383,            0.008383
                  51,             0.01892,           0.0075024,                   0,                   1,             0.99967,               0.995,             0.78393,             0.01074,           0.0060107,                   0,             0.00835,             0.00835,             0.00835
                  52,            0.018542,           0.0072204,                   0,              0.9997,                   1,               0.995,              0.7868,            0.011109,           0.0057864,                   0,            0.008317,            0.008317,            0.008317
                  53,            0.018781,            0.007007,                   0,             0.99986,             0.99837,               0.995,             0.78181,            0.011041,           0.0056891,                   0,            0.008284,            0.008284,            0.008284
                  54,            0.018797,           0.0073715,                   0,             0.99985,                   1,               0.995,             0.78945,            0.011483,           0.0056517,                   0,            0.008251,            0.008251,            0.008251
                  55,            0.018305,           0.0076283,                   0,             0.99976,                   1,               0.995,             0.79278,            0.010739,           0.0056995,                   0,            0.008218,            0.008218,            0.008218
                  56,            0.018868,           0.0073087,                   0,             0.99979,                   1,               0.995,              0.7939,            0.011112,           0.0057704,                   0,            0.008185,            0.008185,            0.008185
                  57,            0.019647,           0.0075531,                   0,             0.99983,                   1,               0.995,             0.79997,            0.010705,            0.005876,                   0,            0.008152,            0.008152,            0.008152
                  58,            0.019325,           0.0074145,                   0,             0.99985,                   1,               0.995,             0.77908,            0.010878,           0.0056856,                   0,            0.008119,            0.008119,            0.008119
                  59,            0.018843,           0.0071071,                   0,             0.99985,                   1,               0.995,             0.78802,            0.011025,           0.0054582,                   0,            0.008086,            0.008086,            0.008086
                  60,            0.016517,           0.0070254,                   0,             0.99977,                   1,               0.995,             0.78281,            0.011989,           0.0055241,                   0,            0.008053,            0.008053,            0.008053
                  61,            0.018596,           0.0070959,                   0,              0.9997,                   1,               0.995,             0.79569,            0.010786,           0.0056543,                   0,             0.00802,             0.00802,             0.00802
                  62,            0.018189,           0.0071127,                   0,             0.99984,                   1,               0.995,             0.79836,            0.010444,            0.005514,                   0,            0.007987,            0.007987,            0.007987
                  63,            0.018189,           0.0073194,                   0,             0.99963,                   1,               0.995,             0.79169,            0.010869,            0.006031,                   0,            0.007954,            0.007954,            0.007954
                  64,            0.017619,           0.0073237,                   0,             0.99928,             0.99837,               0.995,              0.7626,            0.012183,           0.0060076,                   0,            0.007921,            0.007921,            0.007921
                  65,            0.018005,           0.0069897,                   0,             0.99965,                   1,               0.995,             0.78951,            0.010755,           0.0055173,                   0,            0.007888,            0.007888,            0.007888
                  66,            0.017877,            0.006977,                   0,             0.99985,                   1,               0.995,             0.80933,            0.010775,           0.0056208,                   0,            0.007855,            0.007855,            0.007855
                  67,            0.017523,           0.0072891,                   0,             0.99987,                   1,               0.995,             0.81019,            0.010301,           0.0054071,                   0,            0.007822,            0.007822,            0.007822
                  68,            0.017551,           0.0069389,                   0,             0.99983,                   1,               0.995,             0.79705,            0.010689,           0.0054201,                   0,            0.007789,            0.007789,            0.007789
                  69,            0.016614,           0.0066843,                   0,              0.9999,                   1,               0.995,             0.80787,            0.010094,           0.0052173,                   0,            0.007756,            0.007756,            0.007756
                  70,            0.018784,           0.0072374,                   0,             0.99987,                   1,               0.995,             0.78937,             0.01037,           0.0053715,                   0,            0.007723,            0.007723,            0.007723
                  71,            0.019032,           0.0073176,                   0,             0.99981,                   1,               0.995,             0.80465,            0.010589,           0.0053822,                   0,             0.00769,             0.00769,             0.00769
                  72,            0.017217,           0.0069258,                   0,             0.99985,                   1,               0.995,             0.80355,           0.0098816,           0.0053391,                   0,            0.007657,            0.007657,            0.007657
                  73,            0.016766,           0.0067876,                   0,             0.99965,             0.99674,               0.995,             0.76129,            0.011893,           0.0060368,                   0,            0.007624,            0.007624,            0.007624
                  74,             0.01635,           0.0066905,                   0,             0.99981,                   1,               0.995,             0.77013,            0.010695,           0.0053868,                   0,            0.007591,            0.007591,            0.007591
                  75,            0.017162,           0.0069445,                   0,             0.99986,                   1,               0.995,             0.80305,             0.01031,           0.0052124,                   0,            0.007558,            0.007558,            0.007558
                  76,            0.018178,           0.0071047,                   0,             0.99973,                   1,               0.995,             0.80276,            0.010213,           0.0053928,                   0,            0.007525,            0.007525,            0.007525
                  77,            0.017326,           0.0069468,                   0,             0.99807,             0.99837,               0.995,             0.78625,            0.011173,           0.0054005,                   0,            0.007492,            0.007492,            0.007492
                  78,            0.017209,           0.0068916,                   0,             0.99975,                   1,               0.995,             0.81563,           0.0096638,           0.0053864,                   0,            0.007459,            0.007459,            0.007459
                  79,            0.016992,           0.0067829,                   0,             0.99985,                   1,               0.995,             0.79664,            0.011012,           0.0053279,                   0,            0.007426,            0.007426,            0.007426
                  80,            0.017445,           0.0066516,                   0,             0.99987,                   1,               0.995,             0.81374,           0.0097054,            0.005368,                   0,            0.007393,            0.007393,            0.007393
                  81,            0.016611,            0.006645,                   0,              0.9998,                   1,               0.995,             0.80446,           0.0097216,           0.0053258,                   0,             0.00736,             0.00736,             0.00736
                  82,            0.016122,           0.0070439,                   0,             0.99984,                   1,               0.995,             0.81253,           0.0097571,           0.0051568,                   0,            0.007327,            0.007327,            0.007327
                  83,            0.017616,           0.0064088,                   0,             0.99986,                   1,               0.995,             0.80583,           0.0098111,            0.005117,                   0,            0.007294,            0.007294,            0.007294
                  84,            0.017496,           0.0070895,                   0,             0.99992,                   1,               0.995,             0.80399,            0.010388,           0.0053996,                   0,            0.007261,            0.007261,            0.007261
                  85,            0.016511,           0.0061465,                   0,             0.99991,                   1,               0.995,             0.80648,           0.0099315,           0.0051311,                   0,            0.007228,            0.007228,            0.007228
                  86,            0.016929,           0.0069383,                   0,                   1,              0.9999,               0.995,             0.80775,            0.010163,           0.0052439,                   0,            0.007195,            0.007195,            0.007195
                  87,            0.016163,           0.0066784,                   0,             0.99983,                   1,               0.995,             0.79759,            0.010557,           0.0054277,                   0,            0.007162,            0.007162,            0.007162
                  88,            0.016831,           0.0069747,                   0,             0.99993,                   1,               0.995,             0.79843,           0.0099518,           0.0053084,                   0,            0.007129,            0.007129,            0.007129
                  89,            0.016984,           0.0066245,                   0,             0.99988,                   1,               0.995,             0.79333,            0.010057,           0.0051731,                   0,            0.007096,            0.007096,            0.007096
                  90,            0.016818,           0.0066878,                   0,                   1,             0.99783,               0.995,             0.76259,            0.012212,           0.0056893,                   0,            0.007063,            0.007063,            0.007063
                  91,            0.016578,            0.006314,                   0,             0.99979,                   1,               0.995,             0.81649,           0.0096107,           0.0050952,                   0,             0.00703,             0.00703,             0.00703
                  92,            0.016434,           0.0064834,                   0,             0.99985,                   1,               0.995,             0.80454,            0.010471,           0.0052191,                   0,            0.006997,            0.006997,            0.006997
                  93,            0.016897,            0.006962,                   0,             0.99982,                   1,               0.995,             0.80791,           0.0098433,           0.0052781,                   0,            0.006964,            0.006964,            0.006964
                  94,            0.016177,           0.0062428,                   0,             0.99985,                   1,               0.995,             0.81584,           0.0096952,           0.0052105,                   0,            0.006931,            0.006931,            0.006931
                  95,            0.017244,           0.0069649,                   0,              0.9999,                   1,               0.995,             0.81673,           0.0094958,            0.005154,                   0,            0.006898,            0.006898,            0.006898
                  96,            0.015177,           0.0061052,                   0,             0.99988,                   1,               0.995,             0.82217,           0.0095396,           0.0050329,                   0,            0.006865,            0.006865,            0.006865
                  97,            0.016066,            0.006383,                   0,             0.99984,                   1,               0.995,             0.82205,           0.0095718,           0.0050581,                   0,            0.006832,            0.006832,            0.006832
                  98,            0.016401,           0.0062454,                   0,             0.99982,                   1,               0.995,             0.81471,           0.0097284,           0.0051396,                   0,            0.006799,            0.006799,            0.006799
                  99,             0.01492,           0.0063786,                   0,             0.99988,                   1,               0.995,              0.8213,           0.0095405,           0.0050656,                   0,            0.006766,            0.006766,            0.006766
                 100,            0.015184,           0.0061465,                   0,             0.99979,             0.99837,               0.995,             0.80788,            0.010329,            0.005137,                   0,            0.006733,            0.006733,            0.006733
                 101,             0.01613,           0.0069081,                   0,             0.99977,                   1,               0.995,              0.8156,           0.0095548,           0.0050702,                   0,              0.0067,              0.0067,              0.0067
                 102,            0.016125,           0.0065436,                   0,             0.99987,                   1,               0.995,             0.80982,           0.0096094,           0.0052794,                   0,            0.006667,            0.006667,            0.006667
                 103,            0.016371,           0.0068269,                   0,             0.99996,                   1,               0.995,             0.80576,            0.010185,           0.0052069,                   0,            0.006634,            0.006634,            0.006634
                 104,            0.016676,            0.006459,                   0,             0.99986,                   1,               0.995,              0.8123,           0.0095793,           0.0049998,                   0,            0.006601,            0.006601,            0.006601
                 105,            0.016004,           0.0068048,                   0,             0.99983,                   1,               0.995,             0.81801,           0.0093208,           0.0050188,                   0,            0.006568,            0.006568,            0.006568
                 106,            0.015556,           0.0064651,                   0,             0.99969,                   1,               0.995,             0.80304,            0.010022,           0.0054017,                   0,            0.006535,            0.006535,            0.006535
                 107,            0.015446,           0.0063062,                   0,             0.99987,                   1,               0.995,             0.82259,           0.0093546,           0.0049052,                   0,            0.006502,            0.006502,            0.006502
                 108,            0.015757,           0.0061803,                   0,             0.99986,                   1,               0.995,             0.82524,           0.0093559,           0.0048866,                   0,            0.006469,            0.006469,            0.006469
                 109,            0.015539,           0.0062656,                   0,             0.99988,                   1,               0.995,             0.81855,           0.0094338,           0.0050502,                   0,            0.006436,            0.006436,            0.006436
                 110,             0.01581,           0.0063719,                   0,             0.99987,                   1,               0.995,             0.81656,           0.0094395,           0.0050538,                   0,            0.006403,            0.006403,            0.006403
                 111,             0.01493,           0.0064776,                   0,             0.99985,                   1,               0.995,             0.81358,           0.0095837,           0.0051003,                   0,             0.00637,             0.00637,             0.00637
                 112,              0.0148,           0.0066664,                   0,             0.99987,                   1,               0.995,             0.82006,           0.0093269,           0.0049582,                   0,            0.006337,            0.006337,            0.006337
                 113,             0.01586,           0.0061699,                   0,             0.99974,             0.99674,               0.995,             0.80097,           0.0099372,           0.0052056,                   0,            0.006304,            0.006304,            0.006304
                 114,            0.015258,           0.0063968,                   0,             0.99967,                   1,               0.995,             0.81169,           0.0098064,            0.005242,                   0,            0.006271,            0.006271,            0.006271
                 115,            0.015189,           0.0064107,                   0,              0.9998,                   1,               0.995,             0.82091,           0.0094287,           0.0051152,                   0,            0.006238,            0.006238,            0.006238
                 116,            0.015146,           0.0062873,                   0,             0.99983,                   1,               0.995,             0.82093,           0.0092459,           0.0049535,                   0,            0.006205,            0.006205,            0.006205
                 117,            0.015113,           0.0062922,                   0,             0.99989,                   1,               0.995,             0.82755,           0.0091606,            0.004896,                   0,            0.006172,            0.006172,            0.006172
                 118,            0.016144,           0.0065558,                   0,             0.99988,                   1,               0.995,             0.82671,           0.0090692,           0.0049261,                   0,            0.006139,            0.006139,            0.006139
                 119,            0.015102,           0.0063897,                   0,             0.99984,                   1,               0.995,             0.82365,           0.0092042,           0.0049381,                   0,            0.006106,            0.006106,            0.006106
                 120,            0.014869,           0.0060846,                   0,             0.99989,                   1,               0.995,             0.83017,           0.0089089,           0.0047955,                   0,            0.006073,            0.006073,            0.006073
                 121,            0.015358,           0.0062348,                   0,             0.99985,                   1,               0.995,             0.81647,           0.0095471,           0.0050286,                   0,             0.00604,             0.00604,             0.00604
                 122,            0.015251,           0.0063159,                   0,             0.99989,                   1,               0.995,             0.82331,           0.0093497,           0.0049193,                   0,            0.006007,            0.006007,            0.006007
                 123,            0.015337,           0.0063705,                   0,                   1,              0.9999,               0.995,             0.80923,            0.010478,           0.0049309,                   0,            0.005974,            0.005974,            0.005974
                 124,            0.014747,           0.0061453,                   0,             0.99984,                   1,               0.995,             0.81904,           0.0095017,           0.0050068,                   0,            0.005941,            0.005941,            0.005941
                 125,            0.014888,            0.006468,                   0,             0.99986,                   1,               0.995,             0.82644,           0.0090072,           0.0048593,                   0,            0.005908,            0.005908,            0.005908
                 126,             0.01485,           0.0061498,                   0,             0.99987,                   1,               0.995,             0.81962,           0.0089556,           0.0048962,                   0,            0.005875,            0.005875,            0.005875
                 127,            0.014503,           0.0061205,                   0,             0.99982,                   1,               0.995,             0.82379,           0.0088729,            0.004973,                   0,            0.005842,            0.005842,            0.005842
                 128,            0.013972,           0.0058234,                   0,             0.99986,                   1,               0.995,             0.82738,            0.008909,            0.004815,                   0,            0.005809,            0.005809,            0.005809
                 129,             0.01567,           0.0060174,                   0,             0.99989,                   1,               0.995,               0.829,           0.0088509,           0.0047453,                   0,            0.005776,            0.005776,            0.005776
                 130,            0.015235,           0.0062165,                   0,              0.9999,                   1,               0.995,             0.82912,           0.0089879,           0.0049224,                   0,            0.005743,            0.005743,            0.005743
                 131,            0.015627,           0.0061177,                   0,             0.99989,                   1,               0.995,             0.82728,           0.0089507,           0.0049275,                   0,             0.00571,             0.00571,             0.00571
                 132,            0.014647,            0.006341,                   0,             0.99979,                   1,               0.995,             0.82933,            0.008969,           0.0048984,                   0,            0.005677,            0.005677,            0.005677
                 133,            0.015105,           0.0065212,                   0,             0.99971,                   1,               0.995,             0.83125,           0.0089044,           0.0047221,                   0,            0.005644,            0.005644,            0.005644
                 134,            0.015299,            0.006472,                   0,             0.99986,                   1,               0.995,             0.83108,           0.0091071,           0.0048155,                   0,            0.005611,            0.005611,            0.005611
                 135,            0.014124,           0.0060008,                   0,             0.99987,                   1,               0.995,             0.83453,           0.0088353,           0.0047344,                   0,            0.005578,            0.005578,            0.005578
                 136,            0.015477,           0.0063813,                   0,             0.99985,                   1,               0.995,             0.84127,           0.0086763,           0.0046779,                   0,            0.005545,            0.005545,            0.005545
                 137,            0.013969,             0.00607,                   0,             0.99977,                   1,               0.995,             0.83626,           0.0088152,           0.0046989,                   0,            0.005512,            0.005512,            0.005512
                 138,            0.014395,            0.006371,                   0,             0.99983,                   1,               0.995,             0.82791,           0.0090223,           0.0048442,                   0,            0.005479,            0.005479,            0.005479
                 139,            0.014199,           0.0060167,                   0,             0.99983,                   1,               0.995,             0.83139,            0.008553,           0.0047159,                   0,            0.005446,            0.005446,            0.005446
                 140,            0.013998,           0.0062388,                   0,             0.99987,                   1,               0.995,             0.83168,            0.008795,           0.0047732,                   0,            0.005413,            0.005413,            0.005413
                 141,            0.014315,           0.0062639,                   0,             0.99985,                   1,               0.995,             0.82844,           0.0091654,           0.0047843,                   0,             0.00538,             0.00538,             0.00538
                 142,            0.014042,           0.0059415,                   0,              0.9997,                   1,               0.995,              0.8201,           0.0095701,           0.0050312,                   0,            0.005347,            0.005347,            0.005347
                 143,             0.01473,           0.0061378,                   0,             0.99988,                   1,               0.995,             0.84254,           0.0084762,           0.0046712,                   0,            0.005314,            0.005314,            0.005314
                 144,            0.014577,           0.0059609,                   0,             0.99989,                   1,               0.995,             0.83204,           0.0090959,           0.0047312,                   0,            0.005281,            0.005281,            0.005281
                 145,            0.013736,           0.0056777,                   0,             0.99988,                   1,               0.995,             0.83419,           0.0087062,           0.0047461,                   0,            0.005248,            0.005248,            0.005248
                 146,            0.014424,           0.0061654,                   0,             0.99988,                   1,               0.995,             0.83283,           0.0088023,           0.0049248,                   0,            0.005215,            0.005215,            0.005215
                 147,            0.013657,           0.0061536,                   0,             0.99979,                   1,               0.995,             0.84209,           0.0084766,           0.0047299,                   0,            0.005182,            0.005182,            0.005182
                 148,             0.01438,           0.0061905,                   0,              0.9998,                   1,               0.995,              0.8441,           0.0086389,           0.0047115,                   0,            0.005149,            0.005149,            0.005149
                 149,            0.013747,           0.0060497,                   0,             0.99987,                   1,               0.995,             0.84561,           0.0086167,           0.0046198,                   0,            0.005116,            0.005116,            0.005116
                 150,            0.014496,           0.0061805,                   0,             0.99985,                   1,               0.995,             0.84219,           0.0086242,            0.004692,                   0,            0.005083,            0.005083,            0.005083
                 151,            0.013935,           0.0061645,                   0,             0.99993,                   1,               0.995,             0.82097,           0.0093353,           0.0049429,                   0,             0.00505,             0.00505,             0.00505
                 152,            0.013616,           0.0059121,                   0,             0.99987,                   1,               0.995,             0.84736,           0.0084807,           0.0046295,                   0,            0.005017,            0.005017,            0.005017
                 153,            0.015039,           0.0061659,                   0,             0.99981,                   1,               0.995,             0.84212,           0.0086755,           0.0047414,                   0,            0.004984,            0.004984,            0.004984
                 154,            0.014466,           0.0062491,                   0,             0.99987,                   1,               0.995,             0.84078,           0.0086891,           0.0046727,                   0,            0.004951,            0.004951,            0.004951
                 155,            0.014413,           0.0063149,                   0,              0.9998,                   1,               0.995,             0.84188,           0.0085565,           0.0046959,                   0,            0.004918,            0.004918,            0.004918
                 156,            0.014309,           0.0061651,                   0,             0.99986,                   1,               0.995,             0.83721,           0.0087431,           0.0046676,                   0,            0.004885,            0.004885,            0.004885
                 157,            0.013348,            0.006217,                   0,             0.99983,                   1,               0.995,             0.84169,            0.008448,           0.0046584,                   0,            0.004852,            0.004852,            0.004852
                 158,            0.013457,           0.0057327,                   0,             0.99988,                   1,               0.995,             0.84277,           0.0084233,           0.0046161,                   0,            0.004819,            0.004819,            0.004819
                 159,            0.013673,           0.0057727,                   0,             0.99984,                   1,               0.995,             0.84129,           0.0086866,           0.0046715,                   0,            0.004786,            0.004786,            0.004786
                 160,            0.012976,           0.0059625,                   0,             0.99985,                   1,               0.995,             0.84601,           0.0086793,           0.0046016,                   0,            0.004753,            0.004753,            0.004753
                 161,            0.013561,           0.0057144,                   0,             0.99978,                   1,               0.995,             0.83665,           0.0086904,           0.0046601,                   0,             0.00472,             0.00472,             0.00472
                 162,            0.013617,           0.0060191,                   0,             0.99988,                   1,               0.995,             0.82816,           0.0092323,           0.0048892,                   0,            0.004687,            0.004687,            0.004687
                 163,            0.013404,           0.0056336,                   0,             0.99988,                   1,               0.995,             0.84381,           0.0085414,            0.004617,                   0,            0.004654,            0.004654,            0.004654
                 164,            0.012857,            0.005731,                   0,             0.99985,                   1,               0.995,             0.83758,           0.0086123,           0.0047524,                   0,            0.004621,            0.004621,            0.004621
                 165,            0.013415,           0.0055822,                   0,             0.99985,                   1,               0.995,             0.83972,           0.0085288,           0.0045927,                   0,            0.004588,            0.004588,            0.004588
                 166,            0.012844,           0.0057671,                   0,             0.99983,                   1,               0.995,             0.84394,           0.0085385,           0.0046213,                   0,            0.004555,            0.004555,            0.004555
                 167,            0.013525,           0.0060763,                   0,             0.99989,                   1,               0.995,             0.84088,           0.0084827,           0.0046616,                   0,            0.004522,            0.004522,            0.004522
                 168,            0.012747,           0.0057174,                   0,             0.99989,                   1,               0.995,             0.84193,           0.0085658,            0.004634,                   0,            0.004489,            0.004489,            0.004489
                 169,            0.014103,           0.0058808,                   0,             0.99985,                   1,               0.995,             0.84482,           0.0084524,           0.0046539,                   0,            0.004456,            0.004456,            0.004456
                 170,            0.014468,           0.0057341,                   0,             0.99988,                   1,               0.995,             0.84441,           0.0084324,            0.004614,                   0,            0.004423,            0.004423,            0.004423
                 171,            0.013401,            0.005624,                   0,             0.99985,                   1,               0.995,             0.84302,           0.0083866,           0.0046321,                   0,             0.00439,             0.00439,             0.00439
                 172,            0.013644,           0.0062226,                   0,             0.99985,                   1,               0.995,             0.85017,           0.0081919,           0.0045389,                   0,            0.004357,            0.004357,            0.004357
                 173,            0.013261,           0.0059428,                   0,             0.99985,                   1,               0.995,             0.85064,           0.0082473,           0.0045632,                   0,            0.004324,            0.004324,            0.004324
                 174,            0.013114,           0.0057412,                   0,             0.99988,                   1,               0.995,              0.8489,            0.008423,           0.0046197,                   0,            0.004291,            0.004291,            0.004291
                 175,            0.013243,           0.0056867,                   0,             0.99989,                   1,               0.995,             0.84203,           0.0085354,           0.0046281,                   0,            0.004258,            0.004258,            0.004258
                 176,             0.01332,           0.0061325,                   0,             0.99989,                   1,               0.995,             0.84614,           0.0085784,           0.0045925,                   0,            0.004225,            0.004225,            0.004225
                 177,            0.014313,           0.0060569,                   0,             0.99989,                   1,               0.995,             0.84959,           0.0082296,           0.0045786,                   0,            0.004192,            0.004192,            0.004192
                 178,            0.013397,           0.0056628,                   0,             0.99989,                   1,               0.995,             0.84784,           0.0084647,           0.0046206,                   0,            0.004159,            0.004159,            0.004159
                 179,             0.01376,            0.006049,                   0,             0.99986,                   1,               0.995,             0.85089,           0.0083054,           0.0045945,                   0,            0.004126,            0.004126,            0.004126
                 180,             0.01432,           0.0060553,                   0,             0.99985,                   1,               0.995,             0.84893,           0.0082274,           0.0045054,                   0,            0.004093,            0.004093,            0.004093
                 181,            0.013957,           0.0060865,                   0,             0.99988,                   1,               0.995,             0.84444,           0.0082082,           0.0045514,                   0,             0.00406,             0.00406,             0.00406
                 182,            0.013105,           0.0060054,                   0,             0.99987,                   1,               0.995,             0.85053,           0.0080791,           0.0045129,                   0,            0.004027,            0.004027,            0.004027
                 183,            0.013569,           0.0058582,                   0,             0.99987,                   1,               0.995,             0.85742,            0.008102,           0.0045656,                   0,            0.003994,            0.003994,            0.003994
                 184,            0.013441,           0.0060687,                   0,             0.99987,                   1,               0.995,               0.851,           0.0081851,           0.0045854,                   0,            0.003961,            0.003961,            0.003961
                 185,            0.013782,           0.0060397,                   0,             0.99982,                   1,               0.995,             0.85303,           0.0082519,           0.0045407,                   0,            0.003928,            0.003928,            0.003928
                 186,            0.012392,            0.005731,                   0,             0.99988,                   1,               0.995,             0.84809,           0.0082615,           0.0045198,                   0,            0.003895,            0.003895,            0.003895
                 187,            0.013191,           0.0055575,                   0,             0.99986,                   1,               0.995,             0.84472,           0.0081678,           0.0045441,                   0,            0.003862,            0.003862,            0.003862
                 188,            0.012906,           0.0058068,                   0,              0.9998,                   1,               0.995,             0.84952,           0.0080236,           0.0045378,                   0,            0.003829,            0.003829,            0.003829
                 189,            0.012201,           0.0054218,                   0,             0.99986,                   1,               0.995,             0.84878,           0.0081273,             0.00458,                   0,            0.003796,            0.003796,            0.003796
                 190,            0.013899,           0.0058244,                   0,             0.99987,                   1,               0.995,             0.85183,           0.0082172,           0.0045244,                   0,            0.003763,            0.003763,            0.003763
                 191,             0.01248,           0.0056561,                   0,             0.99988,                   1,               0.995,             0.84726,            0.008115,           0.0044978,                   0,             0.00373,             0.00373,             0.00373
                 192,            0.012283,           0.0055594,                   0,             0.99985,                   1,               0.995,             0.84189,           0.0085806,           0.0045275,                   0,            0.003697,            0.003697,            0.003697
                 193,            0.012591,           0.0054397,                   0,             0.99982,                   1,               0.995,             0.84476,           0.0080849,           0.0045457,                   0,            0.003664,            0.003664,            0.003664
                 194,            0.013231,           0.0057704,                   0,             0.99988,                   1,               0.995,             0.85153,           0.0079837,           0.0043945,                   0,            0.003631,            0.003631,            0.003631
                 195,            0.012096,           0.0055937,                   0,             0.99989,                   1,               0.995,             0.85404,           0.0079627,           0.0044552,                   0,            0.003598,            0.003598,            0.003598
                 196,            0.012393,           0.0057966,                   0,             0.99989,                   1,               0.995,             0.85235,           0.0079997,           0.0044153,                   0,            0.003565,            0.003565,            0.003565
                 197,            0.013417,           0.0055681,                   0,             0.99976,                   1,               0.995,             0.85125,           0.0079816,           0.0044305,                   0,            0.003532,            0.003532,            0.003532
                 198,             0.01331,           0.0056856,                   0,             0.99988,                   1,               0.995,             0.85492,           0.0078499,           0.0043841,                   0,            0.003499,            0.003499,            0.003499
                 199,            0.011882,           0.0052026,                   0,             0.99989,                   1,               0.995,             0.85654,           0.0080258,           0.0044993,                   0,            0.003466,            0.003466,            0.003466
                 200,            0.012377,           0.0056634,                   0,             0.99986,                   1,               0.995,             0.85844,           0.0079076,           0.0044352,                   0,            0.003433,            0.003433,            0.003433
                 201,            0.013079,           0.0056951,                   0,             0.99975,                   1,               0.995,             0.85024,           0.0080706,           0.0045156,                   0,              0.0034,              0.0034,              0.0034
                 202,            0.013046,           0.0056379,                   0,             0.99983,                   1,               0.995,             0.85494,           0.0078873,           0.0043747,                   0,            0.003367,            0.003367,            0.003367
                 203,            0.011611,           0.0055099,                   0,             0.99989,                   1,               0.995,             0.85903,           0.0078856,           0.0044149,                   0,            0.003334,            0.003334,            0.003334
                 204,            0.013393,            0.005688,                   0,             0.99989,                   1,               0.995,             0.86236,           0.0077788,           0.0043707,                   0,            0.003301,            0.003301,            0.003301
                 205,             0.01215,           0.0055055,                   0,             0.99989,                   1,               0.995,             0.85954,           0.0078338,           0.0043843,                   0,            0.003268,            0.003268,            0.003268
                 206,            0.012799,           0.0055271,                   0,             0.99987,                   1,               0.995,             0.86353,           0.0076851,           0.0043428,                   0,            0.003235,            0.003235,            0.003235
                 207,            0.012879,            0.005699,                   0,             0.99983,                   1,               0.995,              0.8628,           0.0077519,           0.0043727,                   0,            0.003202,            0.003202,            0.003202
                 208,            0.011818,           0.0057211,                   0,             0.99988,                   1,               0.995,             0.86044,           0.0076831,           0.0043843,                   0,            0.003169,            0.003169,            0.003169
                 209,            0.012678,           0.0052865,                   0,             0.99988,                   1,               0.995,             0.85983,           0.0077054,           0.0043939,                   0,            0.003136,            0.003136,            0.003136
                 210,            0.013231,            0.005876,                   0,             0.99988,                   1,               0.995,             0.85258,           0.0078114,            0.004407,                   0,            0.003103,            0.003103,            0.003103
                 211,            0.011603,           0.0052307,                   0,             0.99987,                   1,               0.995,             0.85397,           0.0078092,            0.004406,                   0,             0.00307,             0.00307,             0.00307
                 212,            0.012068,           0.0058012,                   0,             0.99989,                   1,               0.995,              0.8579,           0.0077604,           0.0043256,                   0,            0.003037,            0.003037,            0.003037
                 213,            0.012277,           0.0054947,                   0,             0.99988,                   1,               0.995,              0.8575,           0.0078322,           0.0043486,                   0,            0.003004,            0.003004,            0.003004
                 214,            0.012349,           0.0053715,                   0,             0.99984,                   1,               0.995,             0.85608,           0.0079156,           0.0043692,                   0,            0.002971,            0.002971,            0.002971
                 215,            0.012182,           0.0055259,                   0,             0.99988,                   1,               0.995,             0.85732,           0.0076275,           0.0043226,                   0,            0.002938,            0.002938,            0.002938
                 216,            0.012035,           0.0055112,                   0,             0.99989,                   1,               0.995,             0.85806,           0.0077623,           0.0043633,                   0,            0.002905,            0.002905,            0.002905
                 217,            0.012554,            0.005553,                   0,             0.99989,                   1,               0.995,             0.85198,           0.0082048,           0.0045537,                   0,            0.002872,            0.002872,            0.002872
                 218,            0.012415,           0.0057182,                   0,             0.99972,                   1,               0.995,             0.86104,           0.0077472,           0.0043309,                   0,            0.002839,            0.002839,            0.002839
                 219,            0.012393,           0.0055194,                   0,             0.99967,                   1,               0.995,             0.85967,           0.0076364,           0.0043334,                   0,            0.002806,            0.002806,            0.002806
                 220,            0.012385,            0.005669,                   0,             0.99988,                   1,               0.995,             0.86316,           0.0076679,            0.004298,                   0,            0.002773,            0.002773,            0.002773
                 221,            0.012151,           0.0055171,                   0,             0.99988,                   1,               0.995,             0.85192,           0.0078874,           0.0043475,                   0,             0.00274,             0.00274,             0.00274
                 222,            0.011922,           0.0057341,                   0,             0.99989,                   1,               0.995,             0.85589,            0.007853,           0.0044302,                   0,            0.002707,            0.002707,            0.002707
                 223,            0.013206,           0.0058969,                   0,             0.99986,                   1,               0.995,             0.85816,           0.0078046,           0.0044005,                   0,            0.002674,            0.002674,            0.002674
                 224,            0.011689,            0.005492,                   0,             0.99987,                   1,               0.995,             0.86389,            0.007443,           0.0042854,                   0,            0.002641,            0.002641,            0.002641
                 225,            0.012172,           0.0053516,                   0,             0.99988,                   1,               0.995,             0.86741,           0.0074658,           0.0042834,                   0,            0.002608,            0.002608,            0.002608
                 226,            0.011896,           0.0052176,                   0,             0.99988,                   1,               0.995,             0.86879,           0.0074061,           0.0042396,                   0,            0.002575,            0.002575,            0.002575
                 227,            0.011509,           0.0057304,                   0,             0.99987,                   1,               0.995,             0.86395,           0.0076248,           0.0043032,                   0,            0.002542,            0.002542,            0.002542
                 228,            0.012022,           0.0054256,                   0,             0.99987,                   1,               0.995,              0.8598,           0.0077205,           0.0043168,                   0,            0.002509,            0.002509,            0.002509
                 229,            0.012049,           0.0053267,                   0,             0.99989,                   1,               0.995,             0.86546,           0.0074899,           0.0042955,                   0,            0.002476,            0.002476,            0.002476
                 230,            0.011643,           0.0054509,                   0,             0.99989,                   1,               0.995,             0.86143,           0.0075357,           0.0043225,                   0,            0.002443,            0.002443,            0.002443
                 231,            0.012283,           0.0054483,                   0,              0.9998,                   1,               0.995,              0.8587,           0.0078485,           0.0042974,                   0,             0.00241,             0.00241,             0.00241
                 232,            0.012793,           0.0055442,                   0,              0.9998,                   1,               0.995,             0.86468,            0.007677,           0.0042541,                   0,            0.002377,            0.002377,            0.002377
                 233,            0.011707,           0.0053457,                   0,             0.99982,                   1,               0.995,             0.87053,           0.0074392,           0.0042528,                   0,            0.002344,            0.002344,            0.002344
                 234,            0.012521,           0.0056601,                   0,             0.99986,                   1,               0.995,             0.87072,           0.0074479,           0.0042539,                   0,            0.002311,            0.002311,            0.002311
                 235,            0.011987,           0.0051336,                   0,             0.99988,                   1,               0.995,             0.86373,           0.0075416,           0.0042562,                   0,            0.002278,            0.002278,            0.002278
                 236,            0.012505,           0.0054901,                   0,             0.99987,                   1,               0.995,             0.86976,           0.0075521,           0.0042605,                   0,            0.002245,            0.002245,            0.002245
                 237,            0.011446,           0.0054077,                   0,             0.99989,                   1,               0.995,             0.86695,           0.0074858,           0.0042748,                   0,            0.002212,            0.002212,            0.002212
                 238,            0.012112,           0.0052049,                   0,             0.99988,                   1,               0.995,             0.86736,           0.0073974,           0.0042864,                   0,            0.002179,            0.002179,            0.002179
                 239,            0.011621,           0.0054167,                   0,             0.99987,                   1,               0.995,             0.86944,           0.0075698,           0.0042339,                   0,            0.002146,            0.002146,            0.002146
                 240,            0.012314,           0.0054376,                   0,             0.99988,                   1,               0.995,             0.87005,           0.0075925,           0.0042444,                   0,            0.002113,            0.002113,            0.002113
                 241,            0.011252,           0.0050874,                   0,             0.99986,                   1,               0.995,             0.86952,           0.0073664,           0.0042438,                   0,             0.00208,             0.00208,             0.00208
                 242,            0.011788,           0.0054896,                   0,             0.99987,                   1,               0.995,             0.86812,           0.0076402,           0.0042603,                   0,            0.002047,            0.002047,            0.002047
                 243,            0.011712,            0.005352,                   0,             0.99981,                   1,               0.995,             0.86354,           0.0076421,           0.0042853,                   0,            0.002014,            0.002014,            0.002014
                 244,            0.011985,           0.0054571,                   0,             0.99969,                   1,               0.995,             0.87103,           0.0073606,            0.004271,                   0,            0.001981,            0.001981,            0.001981
                 245,            0.011485,           0.0053484,                   0,             0.99989,                   1,               0.995,             0.87155,            0.007365,             0.00425,                   0,            0.001948,            0.001948,            0.001948
                 246,            0.011601,           0.0052666,                   0,              0.9999,                   1,               0.995,             0.86696,           0.0074713,           0.0042602,                   0,            0.001915,            0.001915,            0.001915
                 247,            0.011362,           0.0052834,                   0,             0.99988,                   1,               0.995,              0.8566,           0.0078321,            0.004366,                   0,            0.001882,            0.001882,            0.001882
                 248,            0.012323,           0.0052709,                   0,             0.99988,                   1,               0.995,             0.86802,           0.0072237,           0.0041944,                   0,            0.001849,            0.001849,            0.001849
                 249,            0.011493,           0.0050473,                   0,             0.99988,                   1,               0.995,             0.87227,           0.0073079,           0.0041888,                   0,            0.001816,            0.001816,            0.001816
                 250,            0.010817,           0.0052919,                   0,             0.99987,                   1,               0.995,             0.87467,           0.0071544,           0.0041819,                   0,            0.001783,            0.001783,            0.001783
                 251,            0.010958,           0.0050929,                   0,             0.99985,                   1,               0.995,             0.87678,           0.0071623,           0.0041214,                   0,             0.00175,             0.00175,             0.00175
                 252,            0.011466,           0.0055504,                   0,             0.99986,                   1,               0.995,             0.87597,           0.0071098,           0.0041531,                   0,            0.001717,            0.001717,            0.001717
                 253,            0.011037,           0.0054242,                   0,             0.99987,                   1,               0.995,             0.87622,           0.0072315,           0.0041689,                   0,            0.001684,            0.001684,            0.001684
                 254,            0.011665,           0.0053366,                   0,             0.99985,                   1,               0.995,             0.87596,           0.0071404,           0.0041501,                   0,            0.001651,            0.001651,            0.001651
                 255,            0.010922,           0.0051957,                   0,             0.99988,                   1,               0.995,             0.87701,            0.007137,           0.0041061,                   0,            0.001618,            0.001618,            0.001618
                 256,            0.011976,            0.005121,                   0,             0.99989,                   1,               0.995,             0.87297,           0.0071895,           0.0041315,                   0,            0.001585,            0.001585,            0.001585
                 257,            0.012122,           0.0053317,                   0,             0.99989,                   1,               0.995,             0.87056,            0.007378,           0.0042122,                   0,            0.001552,            0.001552,            0.001552
                 258,            0.011388,           0.0054124,                   0,             0.99989,                   1,               0.995,             0.87729,           0.0071286,           0.0041407,                   0,            0.001519,            0.001519,            0.001519
                 259,             0.01126,           0.0051713,                   0,             0.99987,                   1,               0.995,             0.87654,           0.0070569,           0.0041438,                   0,            0.001486,            0.001486,            0.001486
                 260,            0.011164,            0.005199,                   0,             0.99988,                   1,               0.995,             0.88004,            0.006986,            0.004122,                   0,            0.001453,            0.001453,            0.001453
                 261,             0.01142,           0.0049699,                   0,             0.99989,                   1,               0.995,             0.88153,           0.0069601,           0.0041059,                   0,             0.00142,             0.00142,             0.00142
                 262,            0.011191,             0.00522,                   0,             0.99988,                   1,               0.995,             0.88176,           0.0070037,           0.0041126,                   0,            0.001387,            0.001387,            0.001387
                 263,            0.011344,           0.0054493,                   0,             0.99988,                   1,               0.995,             0.88257,           0.0071949,           0.0041302,                   0,            0.001354,            0.001354,            0.001354
                 264,            0.011216,            0.005232,                   0,             0.99988,                   1,               0.995,             0.88073,           0.0070146,           0.0041388,                   0,            0.001321,            0.001321,            0.001321
                 265,            0.011443,           0.0053892,                   0,             0.99988,                   1,               0.995,             0.87832,           0.0070092,           0.0041165,                   0,            0.001288,            0.001288,            0.001288
                 266,            0.010577,           0.0051993,                   0,             0.99989,                   1,               0.995,             0.87986,           0.0069995,           0.0040825,                   0,            0.001255,            0.001255,            0.001255
                 267,            0.010569,           0.0051557,                   0,             0.99988,                   1,               0.995,             0.88178,           0.0069384,           0.0040768,                   0,            0.001222,            0.001222,            0.001222
                 268,           0.0099433,           0.0049143,                   0,             0.99989,                   1,               0.995,             0.88025,           0.0070993,           0.0040739,                   0,            0.001189,            0.001189,            0.001189
                 269,             0.01078,           0.0050072,                   0,              0.9999,                   1,               0.995,             0.88267,           0.0070733,           0.0040737,                   0,            0.001156,            0.001156,            0.001156
                 270,            0.010999,           0.0051717,                   0,             0.99989,                   1,               0.995,             0.88006,            0.007147,            0.004061,                   0,            0.001123,            0.001123,            0.001123
                 271,            0.011794,           0.0052167,                   0,             0.99988,                   1,               0.995,             0.88411,            0.006914,           0.0040499,                   0,             0.00109,             0.00109,             0.00109
                 272,            0.011572,            0.005205,                   0,             0.99989,                   1,               0.995,             0.87438,           0.0073635,           0.0041486,                   0,            0.001057,            0.001057,            0.001057
                 273,            0.010714,           0.0050525,                   0,             0.99987,                   1,               0.995,             0.87175,           0.0074187,           0.0041766,                   0,            0.001024,            0.001024,            0.001024
                 274,            0.011396,           0.0054407,                   0,             0.99985,                   1,               0.995,             0.87992,           0.0069802,           0.0041033,                   0,            0.000991,            0.000991,            0.000991
                 275,            0.011622,           0.0052632,                   0,             0.99987,                   1,               0.995,             0.87847,           0.0070062,           0.0040766,                   0,            0.000958,            0.000958,            0.000958
                 276,            0.010989,           0.0051897,                   0,             0.99988,                   1,               0.995,             0.88489,           0.0067596,           0.0040265,                   0,            0.000925,            0.000925,            0.000925
                 277,            0.011609,           0.0052099,                   0,              0.9999,                   1,               0.995,             0.88364,            0.006803,           0.0040377,                   0,            0.000892,            0.000892,            0.000892
                 278,            0.010519,            0.005024,                   0,             0.99989,                   1,               0.995,             0.88312,           0.0069241,           0.0040528,                   0,            0.000859,            0.000859,            0.000859
                 279,            0.011231,           0.0052957,                   0,             0.99989,                   1,               0.995,             0.88541,           0.0068836,           0.0040479,                   0,            0.000826,            0.000826,            0.000826
                 280,            0.010651,           0.0051275,                   0,             0.99989,                   1,               0.995,             0.88172,           0.0069289,           0.0040458,                   0,            0.000793,            0.000793,            0.000793
                 281,             0.01045,           0.0050649,                   0,             0.99986,                   1,               0.995,             0.88105,           0.0070814,           0.0040283,                   0,             0.00076,             0.00076,             0.00076
                 282,            0.010625,           0.0051954,                   0,             0.99987,                   1,               0.995,             0.87957,            0.007013,           0.0040441,                   0,            0.000727,            0.000727,            0.000727
                 283,            0.010726,           0.0048946,                   0,             0.99986,                   1,               0.995,             0.88819,           0.0067989,            0.003991,                   0,            0.000694,            0.000694,            0.000694
                 284,            0.010887,            0.005071,                   0,             0.99988,                   1,               0.995,             0.88576,           0.0068148,           0.0040127,                   0,            0.000661,            0.000661,            0.000661
                 285,            0.010712,           0.0052755,                   0,             0.99988,                   1,               0.995,             0.88548,           0.0068349,           0.0039994,                   0,            0.000628,            0.000628,            0.000628
                 286,            0.010879,           0.0052933,                   0,             0.99988,                   1,               0.995,             0.88207,           0.0068746,           0.0040418,                   0,            0.000595,            0.000595,            0.000595
                 287,            0.010839,           0.0048468,                   0,             0.99986,                   1,               0.995,             0.88454,           0.0068959,           0.0040305,                   0,            0.000562,            0.000562,            0.000562
                 288,            0.010689,           0.0049277,                   0,             0.99988,                   1,               0.995,             0.88512,           0.0069087,           0.0039919,                   0,            0.000529,            0.000529,            0.000529
                 289,            0.010152,           0.0050799,                   0,             0.99986,                   1,               0.995,             0.88738,           0.0067812,            0.003971,                   0,            0.000496,            0.000496,            0.000496
                 290,            0.010626,           0.0051103,                   0,             0.99988,                   1,               0.995,             0.88548,           0.0067023,            0.003964,                   0,            0.000463,            0.000463,            0.000463
                 291,            0.010468,            0.004922,                   0,             0.99988,                   1,               0.995,             0.88609,           0.0066897,           0.0039678,                   0,             0.00043,             0.00043,             0.00043
                 292,            0.010553,           0.0050204,                   0,             0.99989,                   1,               0.995,             0.88231,           0.0068455,           0.0040079,                   0,            0.000397,            0.000397,            0.000397
                 293,            0.010701,           0.0052132,                   0,             0.99988,                   1,               0.995,             0.88537,           0.0068146,           0.0039532,                   0,            0.000364,            0.000364,            0.000364
                 294,            0.010522,           0.0051026,                   0,             0.99988,                   1,               0.995,             0.88531,           0.0068672,           0.0039457,                   0,            0.000331,            0.000331,            0.000331
                 295,             0.01119,           0.0049881,                   0,             0.99988,                   1,               0.995,             0.88623,           0.0067284,           0.0039544,                   0,            0.000298,            0.000298,            0.000298
                 296,            0.010721,              0.0048,                   0,             0.99988,                   1,               0.995,             0.88578,           0.0068399,           0.0039761,                   0,            0.000265,            0.000265,            0.000265
                 297,            0.011022,           0.0052148,                   0,             0.99987,                   1,               0.995,             0.88705,           0.0068802,           0.0039437,                   0,            0.000232,            0.000232,            0.000232
                 298,            0.010017,           0.0049192,                   0,             0.99988,                   1,               0.995,             0.88827,           0.0067198,           0.0039448,                   0,            0.000199,            0.000199,            0.000199
                 299,            0.010429,           0.0049067,                   0,             0.99989,                   1,               0.995,             0.88436,           0.0067831,           0.0039591,                   0,            0.000166,            0.000166,            0.000166
